SET NAMES utf8mb4;
SET FOREIGN_KEY_CHECKS = 0;

-- =========================
-- 1) LOOKUPS
-- =========================

DELETE FROM vehicle_submakes;
DELETE FROM vehicle_makes;
DELETE FROM tracker_companies;
DELETE FROM travel_destinations;
DELETE FROM cities;

INSERT INTO cities (id, name, created_at, updated_at) VALUES
(1,'Abbottabad',NOW(),NOW()),
(2,'Abdul Hakim',NOW(),NOW()),
(3,'Ahmedpur East',NOW(),NOW()),
(4,'Aliabad',NOW(),NOW()),
(5,'Alpuri',NOW(),NOW()),
(6,'Arifwala',NOW(),NOW()),
(7,'Attock',NOW(),NOW()),
(8,'Awaran',NOW(),NOW()),
(9,'Badin',NOW(),NOW()),
(10,'Bagh',NOW(),NOW()),
(11,'Bahawalnagar',NOW(),NOW()),
(12,'Bahawalpur',NOW(),NOW()),
(13,'Bannu',NOW(),NOW()),
(14,'Barkhan',NOW(),NOW()),
(15,'Bat Khela',NOW(),NOW()),
(16,'Battagram',NOW(),NOW()),
(17,'Bhakkar',NOW(),NOW()),
(18,'Bhalwal',NOW(),NOW()),
(19,'Bhimber',NOW(),NOW()),
(20,'Burewala',NOW(),NOW()),
(21,'Chaghi',NOW(),NOW()),
(22,'Chakwal',NOW(),NOW()),
(23,'Chaman',NOW(),NOW()),
(24,'Charsadda',NOW(),NOW()),
(25,'Chichawatni',NOW(),NOW()),
(26,'Chiniot',NOW(),NOW()),
(27,'Chitral',NOW(),NOW()),
(28,'Chunian',NOW(),NOW()),
(29,'Dadu',NOW(),NOW()),
(30,'Daharki',NOW(),NOW()),
(31,'Dargai',NOW(),NOW()),
(32,'Darya Khan',NOW(),NOW()),
(33,'Daska',NOW(),NOW()),
(34,'Dasu',NOW(),NOW()),
(35,'Dera Bugti',NOW(),NOW()),
(36,'Dera Ghazi Khan',NOW(),NOW()),
(37,'Dera Ismail Khan',NOW(),NOW()),
(38,'Dera Murad Jamali',NOW(),NOW()),
(39,'Dina',NOW(),NOW()),
(40,'Diplo',NOW(),NOW()),
(41,'Dir',NOW(),NOW()),
(42,'Dokri',NOW(),NOW()),
(43,'Dudyal',NOW(),NOW()),
(44,'Duki',NOW(),NOW()),
(45,'Dunyapur',NOW(),NOW()),
(46,'Eidgah',NOW(),NOW()),
(47,'Faisalabad',NOW(),NOW()),
(48,'Fateh Jang',NOW(),NOW()),
(49,'Gakuch',NOW(),NOW()),
(50,'Gandava',NOW(),NOW()),
(51,'Ghotki',NOW(),NOW()),
(52,'Gilgit',NOW(),NOW()),
(53,'Gojra',NOW(),NOW()),
(54,'Gujar Khan',NOW(),NOW()),
(55,'Gujranwala',NOW(),NOW()),
(56,'Gujrat',NOW(),NOW()),
(57,'Gwadar',NOW(),NOW()),
(58,'Hafizabad',NOW(),NOW()),
(59,'Hala',NOW(),NOW()),
(60,'Hameedabad',NOW(),NOW()),
(61,'Hangu',NOW(),NOW()),
(62,'Haripur',NOW(),NOW()),
(63,'Harnai',NOW(),NOW()),
(64,'Haroonabad',NOW(),NOW()),
(65,'Hasilpur',NOW(),NOW()),
(66,'Haveli Lakha',NOW(),NOW()),
(67,'Hattian Bala',NOW(),NOW()),
(68,'Hazro',NOW(),NOW()),
(69,'Hub',NOW(),NOW()),
(70,'Hyderabad',NOW(),NOW()),
(71,'Islamabad',NOW(),NOW()),
(72,'Jacobabad',NOW(),NOW()),
(73,'Jahanian',NOW(),NOW()),
(74,'Jalalpur Jattan',NOW(),NOW()),
(75,'Jjalalpur Pirwala',NOW(),NOW()),
(76,'Jamshoro',NOW(),NOW()),
(77,'Jampur',NOW(),NOW()),
(78,'Jaranwala',NOW(),NOW()),
(79,'Jhang',NOW(),NOW()),
(80,'Jhelum',NOW(),NOW()),
(81,'Kabirwala',NOW(),NOW()),
(82,'Kahan',NOW(),NOW()),
(83,'Kahror Pakka',NOW(),NOW()),
(84,'Kalat',NOW(),NOW()),
(85,'Kamalia',NOW(),NOW()),
(86,'Kambar',NOW(),NOW()),
(87,'Kamoke',NOW(),NOW()),
(88,'Kandhkot',NOW(),NOW()),
(89,'Karachi',NOW(),NOW()),
(90,'Karak',NOW(),NOW()),
(91,'Kasur',NOW(),NOW()),
(92,'Khairpur',NOW(),NOW()),
(93,'Khanewal',NOW(),NOW()),
(94,'Khanpur',NOW(),NOW()),
(95,'Kharan',NOW(),NOW()),
(96,'Kharian',NOW(),NOW()),
(97,'Khuzdar',NOW(),NOW()),
(98,'Kohat',NOW(),NOW()),
(99,'Kohlu',NOW(),NOW()),
(100,'Kot Addu',NOW(),NOW()),
(101,'Kot Diji',NOW(),NOW()),
(102,'Kot Ghulam Muhammad',NOW(),NOW()),
(103,'Kotli',NOW(),NOW()),
(104,'Kotri',NOW(),NOW()),
(105,'Kulachi',NOW(),NOW()),
(106,'Kundian',NOW(),NOW()),
(107,'Lahore',NOW(),NOW()),
(108,'Lakki Marwat',NOW(),NOW()),
(109,'Lalamusa',NOW(),NOW()),
(110,'Larkana',NOW(),NOW()),
(111,'Leiah',NOW(),NOW()),
(112,'Liajquatpur',NOW(),NOW()),
(113,'Lodhran',NOW(),NOW()),
(114,'Loralai',NOW(),NOW()),
(115,'Lower Dir',NOW(),NOW()),
(116,'Mailsi',NOW(),NOW()),
(117,'Malakand',NOW(),NOW()),
(118,'Mandi Bahauddin',NOW(),NOW()),
(119,'Mansehra',NOW(),NOW()),
(120,'Mardan',NOW(),NOW()),
(121,'Mastung',NOW(),NOW()),
(122,'Matiari',NOW(),NOW()),
(123,'Matli',NOW(),NOW()),
(124,'Mehar',NOW(),NOW()),
(125,'Mehrabpur',NOW(),NOW()),
(126,'Mian Channu',NOW(),NOW()),
(127,'Mianwali',NOW(),NOW()),
(128,'Mingaora',NOW(),NOW()),
(129,'Mirpur Khas',NOW(),NOW()),
(130,'Mirpur Mathelo',NOW(),NOW()),
(131,'Mithi',NOW(),NOW()),
(132,'Moro',NOW(),NOW()),
(133,'Multan',NOW(),NOW()),
(134,'Muridke',NOW(),NOW()),
(135,'Murree',NOW(),NOW()),
(136,'Musakhel',NOW(),NOW()),
(137,'Muzaffarabad',NOW(),NOW()),
(138,'Muzaffargarh',NOW(),NOW()),
(139,'Nankana Sahib',NOW(),NOW()),
(140,'Narowal',NOW(),NOW()),
(141,'Naudero',NOW(),NOW()),
(142,'Naushahro Feroze',NOW(),NOW()),
(143,'Nawabshah',NOW(),NOW()),
(144,'Nowshera',NOW(),NOW()),
(145,'Okara',NOW(),NOW()),
(146,'Pakpattan',NOW(),NOW()),
(147,'Panjgur',NOW(),NOW()),
(148,'Pasni',NOW(),NOW()),
(149,'Pattoki',NOW(),NOW()),
(150,'Peshawar',NOW(),NOW()),
(151,'Pishin',NOW(),NOW()),
(152,'Plandri',NOW(),NOW()),
(153,'Qila Abdullah',NOW(),NOW()),
(154,'Qila Saifullah',NOW(),NOW()),
(155,'Quetta',NOW(),NOW()),
(156,'Rahim Yar Khan',NOW(),NOW()),
(157,'Rajanpur',NOW(),NOW()),
(158,'Ratodero',NOW(),NOW()),
(159,'Rawalakot',NOW(),NOW()),
(160,'Rawalpindi',NOW(),NOW()),
(161,'Renala Khurd',NOW(),NOW()),
(162,'Rohri',NOW(),NOW()),
(163,'Sadiqabad',NOW(),NOW()),
(164,'Safdarabad',NOW(),NOW()),
(165,'Sahiwal',NOW(),NOW()),
(166,'Sakrand',NOW(),NOW()),
(167,'Samundri',NOW(),NOW()),
(168,'Sanghar',NOW(),NOW()),
(169,'Sangla Hill',NOW(),NOW()),
(170,'Sargodha',NOW(),NOW()),
(171,'Sehwan',NOW(),NOW()),
(172,'Shahdad Kot',NOW(),NOW()),
(173,'Shahdadpur',NOW(),NOW()),
(174,'Shahpur Chakar',NOW(),NOW()),
(175,'Shakargarh',NOW(),NOW()),
(176,'Sheikhupura',NOW(),NOW()),
(177,'Shikarpur',NOW(),NOW()),
(178,'Shujabad',NOW(),NOW()),
(179,'Sialkot',NOW(),NOW()),
(180,'Sibi',NOW(),NOW()),
(181,'Skardu',NOW(),NOW()),
(182,'Sohbatpur',NOW(),NOW()),
(183,'Sukkur',NOW(),NOW()),
(184,'Swabi',NOW(),NOW()),
(185,'Swat',NOW(),NOW()),
(186,'Tando Adam',NOW(),NOW()),
(187,'Tando Allahyar',NOW(),NOW()),
(188,'Tando Muhammad Khan',NOW(),NOW()),
(189,'Tank',NOW(),NOW()),
(190,'Taxila',NOW(),NOW()),
(191,'Taunsa',NOW(),NOW()),
(192,'Tharparkar',NOW(),NOW()),
(193,'Thatta',NOW(),NOW()),
(194,'Toba Tek Singh',NOW(),NOW()),
(195,'Turbat',NOW(),NOW()),
(196,'Umerkot',NOW(),NOW()),
(197,'Upper Dir',NOW(),NOW()),
(198,'Vehari',NOW(),NOW()),
(199,'Wah Cantonment',NOW(),NOW()),
(200,'Wazirabad',NOW(),NOW()),
(201,'Zhob',NOW(),NOW()),
(202,'Ziarat',NOW(),NOW()),
(203,'Other',NOW(),NOW());
ALTER TABLE cities AUTO_INCREMENT = 204;

INSERT INTO countries (id, name, region, created_at, updated_at) VALUES
(1,'Afghanistan','Asia',NOW(),NOW()),
(2,'Albania','Europe',NOW(),NOW()),
(3,'Algeria','Africa',NOW(),NOW()),
(4,'Andorra','Europe',NOW(),NOW()),
(5,'Angola','Africa',NOW(),NOW()),
(6,'Antigua and Barbuda','North America',NOW(),NOW()),
(7,'Argentina','South America',NOW(),NOW()),
(8,'Armenia','Asia',NOW(),NOW()),
(9,'Australia','Oceania',NOW(),NOW()),
(10,'Austria','Europe',NOW(),NOW()),
(11,'Azerbaijan','Asia',NOW(),NOW()),
(12,'Bahamas','North America',NOW(),NOW()),
(13,'Bahrain','Asia',NOW(),NOW()),
(14,'Bangladesh','Asia',NOW(),NOW()),
(15,'Barbados','North America',NOW(),NOW()),
(16,'Belarus','Europe',NOW(),NOW()),
(17,'Belgium','Europe',NOW(),NOW()),
(18,'Belize','North America',NOW(),NOW()),
(19,'Benin','Africa',NOW(),NOW()),
(20,'Bhutan','Asia',NOW(),NOW()),
(21,'Bolivia','South America',NOW(),NOW()),
(22,'Bosnia and Herzegovina','Europe',NOW(),NOW()),
(23,'Botswana','Africa',NOW(),NOW()),
(24,'Brazil','South America',NOW(),NOW()),
(25,'Brunei','Asia',NOW(),NOW()),
(26,'Bulgaria','Europe',NOW(),NOW()),
(27,'Burkina Faso','Africa',NOW(),NOW()),
(28,'Burundi','Africa',NOW(),NOW()),
(29,'Cabo Verde','Africa',NOW(),NOW()),
(30,'Cambodia','Asia',NOW(),NOW()),
(31,'Cameroon','Africa',NOW(),NOW()),
(32,'Canada','North America',NOW(),NOW()),
(33,'Central African Republic','Africa',NOW(),NOW()),
(34,'Chad','Africa',NOW(),NOW()),
(35,'Chile','South America',NOW(),NOW()),
(36,'China','Asia',NOW(),NOW()),
(37,'Colombia','South America',NOW(),NOW()),
(38,'Comoros','Africa',NOW(),NOW()),
(39,'Congo (Democratic Republic of the)','Africa',NOW(),NOW()),
(40,'Congo (Republic of the)','Africa',NOW(),NOW()),
(41,'Costa Rica','North America',NOW(),NOW()),
(42,'Côte d''Ivoire','Africa',NOW(),NOW()),
(43,'Croatia','Europe',NOW(),NOW()),
(44,'Cuba','North America',NOW(),NOW()),
(45,'Cyprus','Asia',NOW(),NOW()),
(46,'Czechia','Europe',NOW(),NOW()),
(47,'Denmark','Europe',NOW(),NOW()),
(48,'Djibouti','Africa',NOW(),NOW()),
(49,'Dominica','North America',NOW(),NOW()),
(50,'Dominican Republic','North America',NOW(),NOW()),
(51,'Ecuador','South America',NOW(),NOW()),
(52,'Egypt','Africa',NOW(),NOW()),
(53,'El Salvador','North America',NOW(),NOW()),
(54,'Equatorial Guinea','Africa',NOW(),NOW()),
(55,'Eritrea','Africa',NOW(),NOW()),
(56,'Estonia','Europe',NOW(),NOW()),
(57,'Eswatini','Africa',NOW(),NOW()),
(58,'Ethiopia','Africa',NOW(),NOW()),
(59,'Fiji','Oceania',NOW(),NOW()),
(60,'Finland','Europe',NOW(),NOW()),
(61,'France','Europe',NOW(),NOW()),
(62,'Gabon','Africa',NOW(),NOW()),
(63,'Gambia','Africa',NOW(),NOW()),
(64,'Georgia','Asia',NOW(),NOW()),
(65,'Germany','Europe',NOW(),NOW()),
(66,'Ghana','Africa',NOW(),NOW()),
(67,'Greece','Europe',NOW(),NOW()),
(68,'Grenada','North America',NOW(),NOW()),
(69,'Guatemala','North America',NOW(),NOW()),
(70,'Guinea','Africa',NOW(),NOW()),
(71,'Guinea-Bissau','Africa',NOW(),NOW()),
(72,'Guyana','South America',NOW(),NOW()),
(73,'Haiti','North America',NOW(),NOW()),
(74,'Honduras','North America',NOW(),NOW()),
(75,'Hungary','Europe',NOW(),NOW()),
(76,'Iceland','Europe',NOW(),NOW()),
(77,'India','Asia',NOW(),NOW()),
(78,'Indonesia','Asia',NOW(),NOW()),
(79,'Iran','Asia',NOW(),NOW()),
(80,'Iraq','Asia',NOW(),NOW()),
(81,'Ireland','Europe',NOW(),NOW()),
(82,'Israel','Asia',NOW(),NOW()),
(83,'Italy','Europe',NOW(),NOW()),
(84,'Jamaica','North America',NOW(),NOW()),
(85,'Japan','Asia',NOW(),NOW()),
(86,'Jordan','Asia',NOW(),NOW()),
(87,'Kazakhstan','Asia',NOW(),NOW()),
(88,'Kenya','Africa',NOW(),NOW()),
(89,'Kiribati','Oceania',NOW(),NOW()),
(90,'Kuwait','Asia',NOW(),NOW()),
(91,'Kyrgyzstan','Asia',NOW(),NOW()),
(92,'Laos','Asia',NOW(),NOW()),
(93,'Latvia','Europe',NOW(),NOW()),
(94,'Lebanon','Asia',NOW(),NOW()),
(95,'Lesotho','Africa',NOW(),NOW()),
(96,'Liberia','Africa',NOW(),NOW()),
(97,'Libya','Africa',NOW(),NOW()),
(98,'Liechtenstein','Europe',NOW(),NOW()),
(99,'Lithuania','Europe',NOW(),NOW()),
(100,'Luxembourg','Europe',NOW(),NOW()),
(101,'Madagascar','Africa',NOW(),NOW()),
(102,'Malawi','Africa',NOW(),NOW()),
(103,'Malaysia','Asia',NOW(),NOW()),
(104,'Maldives','Asia',NOW(),NOW()),
(105,'Mali','Africa',NOW(),NOW()),
(106,'Malta','Europe',NOW(),NOW()),
(107,'Marshall Islands','Oceania',NOW(),NOW()),
(108,'Mauritania','Africa',NOW(),NOW()),
(109,'Mauritius','Africa',NOW(),NOW()),
(110,'Mexico','North America',NOW(),NOW()),
(111,'Micronesia','Oceania',NOW(),NOW()),
(112,'Moldova','Europe',NOW(),NOW()),
(113,'Monaco','Europe',NOW(),NOW()),
(114,'Mongolia','Asia',NOW(),NOW()),
(115,'Montenegro','Europe',NOW(),NOW()),
(116,'Morocco','Africa',NOW(),NOW()),
(117,'Mozambique','Africa',NOW(),NOW()),
(118,'Myanmar','Asia',NOW(),NOW()),
(119,'Namibia','Africa',NOW(),NOW()),
(120,'Nauru','Oceania',NOW(),NOW()),
(121,'Nepal','Asia',NOW(),NOW()),
(122,'Netherlands','Europe',NOW(),NOW()),
(123,'New Zealand','Oceania',NOW(),NOW()),
(124,'Nicaragua','North America',NOW(),NOW()),
(125,'Niger','Africa',NOW(),NOW()),
(126,'Nigeria','Africa',NOW(),NOW()),
(127,'North Korea','Asia',NOW(),NOW()),
(128,'North Macedonia','Europe',NOW(),NOW()),
(129,'Norway','Europe',NOW(),NOW()),
(130,'Oman','Asia',NOW(),NOW()),
(131,'Pakistan','Asia',NOW(),NOW()),
(132,'Palau','Oceania',NOW(),NOW()),
(133,'Panama','North America',NOW(),NOW()),
(134,'Papua New Guinea','Oceania',NOW(),NOW()),
(135,'Paraguay','South America',NOW(),NOW()),
(136,'Peru','South America',NOW(),NOW()),
(137,'Philippines','Asia',NOW(),NOW()),
(138,'Poland','Europe',NOW(),NOW()),
(139,'Portugal','Europe',NOW(),NOW()),
(140,'Qatar','Asia',NOW(),NOW()),
(141,'Romania','Europe',NOW(),NOW()),
(142,'Russia','Europe',NOW(),NOW()),
(143,'Rwanda','Africa',NOW(),NOW()),
(144,'Saint Kitts and Nevis','North America',NOW(),NOW()),
(145,'Saint Lucia','North America',NOW(),NOW()),
(146,'Saint Vincent and the Grenadines','North America',NOW(),NOW()),
(147,'Samoa','Oceania',NOW(),NOW()),
(148,'San Marino','Europe',NOW(),NOW()),
(149,'Sao Tome and Principe','Africa',NOW(),NOW()),
(150,'Saudi Arabia','Asia',NOW(),NOW()),
(151,'Senegal','Africa',NOW(),NOW()),
(152,'Serbia','Europe',NOW(),NOW()),
(153,'Seychelles','Africa',NOW(),NOW()),
(154,'Sierra Leone','Africa',NOW(),NOW()),
(155,'Singapore','Asia',NOW(),NOW()),
(156,'Slovakia','Europe',NOW(),NOW()),
(157,'Slovenia','Europe',NOW(),NOW()),
(158,'Solomon Islands','Oceania',NOW(),NOW()),
(159,'Somalia','Africa',NOW(),NOW()),
(160,'South Africa','Africa',NOW(),NOW()),
(161,'South Korea','Asia',NOW(),NOW()),
(162,'South Sudan','Africa',NOW(),NOW()),
(163,'Spain','Europe',NOW(),NOW()),
(164,'Sri Lanka','Asia',NOW(),NOW()),
(165,'Sudan','Africa',NOW(),NOW()),
(166,'Suriname','South America',NOW(),NOW()),
(167,'Sweden','Europe',NOW(),NOW()),
(168,'Switzerland','Europe',NOW(),NOW()),
(169,'Syria','Asia',NOW(),NOW()),
(170,'Tajikistan','Asia',NOW(),NOW()),
(171,'Tanzania','Africa',NOW(),NOW()),
(172,'Thailand','Asia',NOW(),NOW()),
(173,'Timor-Leste','Asia',NOW(),NOW()),
(174,'Togo','Africa',NOW(),NOW()),
(175,'Tonga','Oceania',NOW(),NOW()),
(176,'Trinidad and Tobago','North America',NOW(),NOW()),
(177,'Tunisia','Africa',NOW(),NOW()),
(178,'Turkey','Asia',NOW(),NOW()),
(179,'Turkmenistan','Asia',NOW(),NOW()),
(180,'Tuvalu','Oceania',NOW(),NOW()),
(181,'Uganda','Africa',NOW(),NOW()),
(182,'Ukraine','Europe',NOW(),NOW()),
(183,'United Arab Emirates','Asia',NOW(),NOW()),
(184,'United Kingdom','Europe',NOW(),NOW()),
(185,'United States','North America',NOW(),NOW()),
(186,'Uruguay','South America',NOW(),NOW()),
(187,'Uzbekistan','Asia',NOW(),NOW()),
(188,'Vanuatu','Oceania',NOW(),NOW()),
(189,'Venezuela','South America',NOW(),NOW()),
(190,'Vietnam','Asia',NOW(),NOW()),
(191,'Yemen','Asia',NOW(),NOW()),
(192,'Zambia','Africa',NOW(),NOW()),
(193,'Zimbabwe','Africa',NOW(),NOW()),
(194,'Holy See (Vatican City)','Europe',NOW(),NOW()),
(195,'State of Palestine','Asia',NOW(),NOW());
ALTER TABLE countries AUTO_INCREMENT = 196;

INSERT INTO vehicle_makes (id, name, created_at, updated_at) VALUES
(1,'Toyota',NOW(),NOW()),
(2,'Honda',NOW(),NOW()),
(3,'Suzuki',NOW(),NOW()),
(4,'Kia',NOW(),NOW()),
(5,'Hyundai',NOW(),NOW()),
(6,'Changan',NOW(),NOW());
ALTER TABLE vehicle_makes AUTO_INCREMENT = 7;

INSERT INTO vehicle_submakes (id, make_id, name, created_at, updated_at) VALUES
-- Toyota
(1,1,'Corolla',NOW(),NOW()),
(2,1,'Yaris',NOW(),NOW()),
(3,1,'Fortuner',NOW(),NOW()),
-- Honda
(4,2,'Civic',NOW(),NOW()),
(5,2,'City',NOW(),NOW()),
(6,2,'BR-V',NOW(),NOW()),
-- Suzuki
(7,3,'Alto',NOW(),NOW()),
(8,3,'Cultus',NOW(),NOW()),
(9,3,'Swift',NOW(),NOW()),
-- Kia
(10,4,'Sportage',NOW(),NOW()),
(11,4,'Picanto',NOW(),NOW()),
(12,4,'Stonic',NOW(),NOW()),
-- Hyundai
(13,5,'Tucson',NOW(),NOW()),
(14,5,'Elantra',NOW(),NOW()),
(15,5,'Sonata',NOW(),NOW()),
-- Changan
(16,6,'Alsvin',NOW(),NOW()),
(17,6,'Oshan X7',NOW(),NOW()),
(18,6,'Karvaan',NOW(),NOW());
ALTER TABLE vehicle_submakes AUTO_INCREMENT = 19;

INSERT INTO vehicle_body_types (id, name) VALUES
(1, 'Hatchback'),
(2, 'Sedan'),
(3, 'SUV'),
(4, 'Crossover'),
(5, 'Pickup'),
(6, 'Van'),
(7, 'Wagon'),
(8, 'Coupe'),
(9, 'Convertible');
ALTER TABLE vehicle_body_types AUTO_INCREMENT = 10;

INSERT INTO vehicle_variants (id, make_id, submake_id, model_year, body_type_id, engine_cc, seating_capacity, name) VALUES
-- Toyota Corolla 2025 variants (Sedan, 5 seats)
(1, 1, 1, 2025, 2, 1600, 5, 'Toyota Corolla Altis X Manual 1.6'),
(2, 1, 1, 2025, 2, 1600, 5, 'Toyota Corolla Altis 1.6 X CVT-i'),
(3, 1, 1, 2025, 2, 1800, 5, 'Toyota Corolla Altis Grande X CVT-i 1.8 Black Interior'),

-- Honda Civic 2021 variants (Sedan, 5 seats)
(4, 2, 4, 2021, 2, 1800, 5, 'Honda Oriel 1.8 i-VTEC CVT'),
(5, 2, 4, 2021, 2, 1500, 5, 'Honda 1.5 VTEC Turbo Oriel'),
(6, 2, 4, 2021, 2, 1500, 5, 'Honda 1.5 RS Turbo'),

-- Suzuki Alto 2023 variants (Hatchback, 4 seats)
(7, 3, 7, 2023, 1, 660, 4, 'Alto VXR'),
(8, 3, 7, 2023, 1, 660, 4, 'Alto VXR-AGS'),
(9, 3, 7, 2023, 1, 660, 4, 'Alto VXL-AGS'),

-- Kia Sportage 2020 variants (SUV, 5 seats)
(10, 4, 10, 2020, 3, 2000, 5, 'LX'),
(11, 4, 10, 2020, 3, 2000, 5, 'S'),
(12, 4, 10, 2020, 3, 2000, 5, 'EX'),

-- Hyundai Elantra 2023 variants (Sedan, 5 seats)
(13, 5, 14, 2023, 2, 2000, 5, 'SE'),
(14, 5, 14, 2023, 2, 1600, 5, 'Blue HEV'),
(15, 5, 14, 2023, 2, 2000, 5, 'N-Line'),

-- Changan Alsvin variants (Sedan, 5 seats)
(16, 6, 16, 2025, 2, 1300, 5, 'Alsvin 1.3L MT Comfort.'),
(17, 6, 16, 2023, 2, 1500, 5, 'Changan Alsvin 1.5L DCT Comfort'),
(18, 6, 16, 2023, 2, 1500, 5, 'Changan Alsvin Lumiere');
ALTER TABLE vehicle_variants AUTO_INCREMENT = 19;

INSERT INTO tracker_companies (id, name, created_at, updated_at) VALUES
(1,'TPL Trakker',NOW(),NOW()),
(2,'Falcon-i',NOW(),NOW()),
(3,'C-Track',NOW(),NOW()),
(4,'Tracking World',NOW(),NOW()),
(5,'Shaheen Tracker Partner A',NOW(),NOW()),
(6,'Shaheen Tracker Partner B',NOW(),NOW());
ALTER TABLE tracker_companies AUTO_INCREMENT = 7;

INSERT INTO travel_destinations (id, name, region, created_at, updated_at, is_system) VALUES
(1,'Afghanistan','Asia',NOW(),NOW(),0),
(2,'Albania','Europe',NOW(),NOW(),0),
(3,'Algeria','Africa',NOW(),NOW(),0),
(4,'Andorra','Europe',NOW(),NOW(),0),
(5,'Angola','Africa',NOW(),NOW(),0),
(6,'Antigua and Barbuda','North America',NOW(),NOW(),0),
(7,'Argentina','South America',NOW(),NOW(),0),
(8,'Armenia','Asia',NOW(),NOW(),0),
(9,'Australia','Oceania',NOW(),NOW(),0),
(10,'Austria','Europe',NOW(),NOW(),0),
(11,'Azerbaijan','Asia',NOW(),NOW(),0),
(12,'Bahamas','North America',NOW(),NOW(),0),
(13,'Bahrain','Asia',NOW(),NOW(),0),
(14,'Bangladesh','Asia',NOW(),NOW(),0),
(15,'Barbados','North America',NOW(),NOW(),0),
(16,'Belarus','Europe',NOW(),NOW(),0),
(17,'Belgium','Europe',NOW(),NOW(),0),
(18,'Belize','North America',NOW(),NOW(),0),
(19,'Benin','Africa',NOW(),NOW(),0),
(20,'Bhutan','Asia',NOW(),NOW(),0),
(21,'Bolivia','South America',NOW(),NOW(),0),
(22,'Bosnia and Herzegovina','Europe',NOW(),NOW(),0),
(23,'Botswana','Africa',NOW(),NOW(),0),
(24,'Brazil','South America',NOW(),NOW(),0),
(25,'Brunei','Asia',NOW(),NOW(),0),
(26,'Bulgaria','Europe',NOW(),NOW(),0),
(27,'Burkina Faso','Africa',NOW(),NOW(),0),
(28,'Burundi','Africa',NOW(),NOW(),0),
(29,'Cabo Verde','Africa',NOW(),NOW(),0),
(30,'Cambodia','Asia',NOW(),NOW(),0),
(31,'Cameroon','Africa',NOW(),NOW(),0),
(32,'Canada','North America',NOW(),NOW(),0),
(33,'Central African Republic','Africa',NOW(),NOW(),0),
(34,'Chad','Africa',NOW(),NOW(),0),
(35,'Chile','South America',NOW(),NOW(),0),
(36,'China','Asia',NOW(),NOW(),0),
(37,'Colombia','South America',NOW(),NOW(),0),
(38,'Comoros','Africa',NOW(),NOW(),0),
(39,'Congo (Democratic Republic of the)','Africa',NOW(),NOW(),0),
(40,'Congo (Republic of the)','Africa',NOW(),NOW(),0),
(41,'Costa Rica','North America',NOW(),NOW(),0),
(42,'Côte d''Ivoire','Africa',NOW(),NOW(),0),
(43,'Croatia','Europe',NOW(),NOW(),0),
(44,'Cuba','North America',NOW(),NOW(),0),
(45,'Cyprus','Asia',NOW(),NOW(),0),
(46,'Czechia','Europe',NOW(),NOW(),0),
(47,'Denmark','Europe',NOW(),NOW(),0),
(48,'Djibouti','Africa',NOW(),NOW(),0),
(49,'Dominica','North America',NOW(),NOW(),0),
(50,'Dominican Republic','North America',NOW(),NOW(),0),
(51,'Ecuador','South America',NOW(),NOW(),0),
(52,'Egypt','Africa',NOW(),NOW(),0),
(53,'El Salvador','North America',NOW(),NOW(),0),
(54,'Equatorial Guinea','Africa',NOW(),NOW(),0),
(55,'Eritrea','Africa',NOW(),NOW(),0),
(56,'Estonia','Europe',NOW(),NOW(),0),
(57,'Eswatini','Africa',NOW(),NOW(),0),
(58,'Ethiopia','Africa',NOW(),NOW(),0),
(59,'Fiji','Oceania',NOW(),NOW(),0),
(60,'Finland','Europe',NOW(),NOW(),0),
(61,'France','Europe',NOW(),NOW(),0),
(62,'Gabon','Africa',NOW(),NOW(),0),
(63,'Gambia','Africa',NOW(),NOW(),0),
(64,'Georgia','Asia',NOW(),NOW(),0),
(65,'Germany','Europe',NOW(),NOW(),0),
(66,'Ghana','Africa',NOW(),NOW(),0),
(67,'Greece','Europe',NOW(),NOW(),0),
(68,'Grenada','North America',NOW(),NOW(),0),
(69,'Guatemala','North America',NOW(),NOW(),0),
(70,'Guinea','Africa',NOW(),NOW(),0),
(71,'Guinea-Bissau','Africa',NOW(),NOW(),0),
(72,'Guyana','South America',NOW(),NOW(),0),
(73,'Haiti','North America',NOW(),NOW(),0),
(74,'Honduras','North America',NOW(),NOW(),0),
(75,'Hungary','Europe',NOW(),NOW(),0),
(76,'Iceland','Europe',NOW(),NOW(),0),
(77,'India','Asia',NOW(),NOW(),0),
(78,'Indonesia','Asia',NOW(),NOW(),0),
(79,'Iran','Asia',NOW(),NOW(),0),
(80,'Iraq','Asia',NOW(),NOW(),0),
(81,'Ireland','Europe',NOW(),NOW(),0),
(82,'Israel','Asia',NOW(),NOW(),0),
(83,'Italy','Europe',NOW(),NOW(),0),
(84,'Jamaica','North America',NOW(),NOW(),0),
(85,'Japan','Asia',NOW(),NOW(),0),
(86,'Jordan','Asia',NOW(),NOW(),0),
(87,'Kazakhstan','Asia',NOW(),NOW(),0),
(88,'Kenya','Africa',NOW(),NOW(),0),
(89,'Kiribati','Oceania',NOW(),NOW(),0),
(90,'Kuwait','Asia',NOW(),NOW(),0),
(91,'Kyrgyzstan','Asia',NOW(),NOW(),0),
(92,'Laos','Asia',NOW(),NOW(),0),
(93,'Latvia','Europe',NOW(),NOW(),0),
(94,'Lebanon','Asia',NOW(),NOW(),0),
(95,'Lesotho','Africa',NOW(),NOW(),0),
(96,'Liberia','Africa',NOW(),NOW(),0),
(97,'Libya','Africa',NOW(),NOW(),0),
(98,'Liechtenstein','Europe',NOW(),NOW(),0),
(99,'Lithuania','Europe',NOW(),NOW(),0),
(100,'Luxembourg','Europe',NOW(),NOW(),0),
(101,'Madagascar','Africa',NOW(),NOW(),0),
(102,'Malawi','Africa',NOW(),NOW(),0),
(103,'Malaysia','Asia',NOW(),NOW(),0),
(104,'Maldives','Asia',NOW(),NOW(),0),
(105,'Mali','Africa',NOW(),NOW(),0),
(106,'Malta','Europe',NOW(),NOW(),0),
(107,'Marshall Islands','Oceania',NOW(),NOW(),0),
(108,'Mauritania','Africa',NOW(),NOW(),0),
(109,'Mauritius','Africa',NOW(),NOW(),0),
(110,'Mexico','North America',NOW(),NOW(),0),
(111,'Micronesia','Oceania',NOW(),NOW(),0),
(112,'Moldova','Europe',NOW(),NOW(),0),
(113,'Monaco','Europe',NOW(),NOW(),0),
(114,'Mongolia','Asia',NOW(),NOW(),0),
(115,'Montenegro','Europe',NOW(),NOW(),0),
(116,'Morocco','Africa',NOW(),NOW(),0),
(117,'Mozambique','Africa',NOW(),NOW(),0),
(118,'Myanmar','Asia',NOW(),NOW(),0),
(119,'Namibia','Africa',NOW(),NOW(),0),
(120,'Nauru','Oceania',NOW(),NOW(),0),
(121,'Nepal','Asia',NOW(),NOW(),0),
(122,'Netherlands','Europe',NOW(),NOW(),0),
(123,'New Zealand','Oceania',NOW(),NOW(),0),
(124,'Nicaragua','North America',NOW(),NOW(),0),
(125,'Niger','Africa',NOW(),NOW(),0),
(126,'Nigeria','Africa',NOW(),NOW(),0),
(127,'North Korea','Asia',NOW(),NOW(),0),
(128,'North Macedonia','Europe',NOW(),NOW(),0),
(129,'Norway','Europe',NOW(),NOW(),0),
(130,'Oman','Asia',NOW(),NOW(),0),
(131,'Palau','Oceania',NOW(),NOW(),0),
(132,'Panama','North America',NOW(),NOW(),0),
(133,'Papua New Guinea','Oceania',NOW(),NOW(),0),
(134,'Paraguay','South America',NOW(),NOW(),0),
(135,'Peru','South America',NOW(),NOW(),0),
(136,'Philippines','Asia',NOW(),NOW(),0),
(137,'Poland','Europe',NOW(),NOW(),0),
(138,'Portugal','Europe',NOW(),NOW(),0),
(139,'Qatar','Asia',NOW(),NOW(),0),
(140,'Romania','Europe',NOW(),NOW(),0),
(141,'Russia','Europe',NOW(),NOW(),0),
(142,'Rwanda','Africa',NOW(),NOW(),0),
(143,'Saint Kitts and Nevis','North America',NOW(),NOW(),0),
(144,'Saint Lucia','North America',NOW(),NOW(),0),
(145,'Saint Vincent and the Grenadines','North America',NOW(),NOW(),0),
(146,'Samoa','Oceania',NOW(),NOW(),0),
(147,'San Marino','Europe',NOW(),NOW(),0),
(148,'Sao Tome and Principe','Africa',NOW(),NOW(),0),
(149,'Saudi Arabia','Asia',NOW(),NOW(),0),
(150,'Senegal','Africa',NOW(),NOW(),0),
(151,'Serbia','Europe',NOW(),NOW(),0),
(152,'Seychelles','Africa',NOW(),NOW(),0),
(153,'Sierra Leone','Africa',NOW(),NOW(),0),
(154,'Singapore','Asia',NOW(),NOW(),0),
(155,'Slovakia','Europe',NOW(),NOW(),0),
(156,'Slovenia','Europe',NOW(),NOW(),0),
(157,'Solomon Islands','Oceania',NOW(),NOW(),0),
(158,'Somalia','Africa',NOW(),NOW(),0),
(159,'South Africa','Africa',NOW(),NOW(),0),
(160,'South Korea','Asia',NOW(),NOW(),0),
(161,'South Sudan','Africa',NOW(),NOW(),0),
(162,'Spain','Europe',NOW(),NOW(),0),
(163,'Sri Lanka','Asia',NOW(),NOW(),0),
(164,'Sudan','Africa',NOW(),NOW(),0),
(165,'Suriname','South America',NOW(),NOW(),0),
(166,'Sweden','Europe',NOW(),NOW(),0),
(167,'Switzerland','Europe',NOW(),NOW(),0),
(168,'Syria','Asia',NOW(),NOW(),0),
(169,'Tajikistan','Asia',NOW(),NOW(),0),
(170,'Tanzania','Africa',NOW(),NOW(),0),
(171,'Thailand','Asia',NOW(),NOW(),0),
(172,'Timor-Leste','Asia',NOW(),NOW(),0),
(173,'Togo','Africa',NOW(),NOW(),0),
(174,'Tonga','Oceania',NOW(),NOW(),0),
(175,'Trinidad and Tobago','North America',NOW(),NOW(),0),
(176,'Tunisia','Africa',NOW(),NOW(),0),
(177,'Turkey','Asia',NOW(),NOW(),0),
(178,'Turkmenistan','Asia',NOW(),NOW(),0),
(179,'Tuvalu','Oceania',NOW(),NOW(),0),
(180,'Uganda','Africa',NOW(),NOW(),0),
(181,'Ukraine','Europe',NOW(),NOW(),0),
(182,'United Arab Emirates','Asia',NOW(),NOW(),0),
(183,'United Kingdom','Europe',NOW(),NOW(),0),
(184,'United States','North America',NOW(),NOW(),0),
(185,'Uruguay','South America',NOW(),NOW(),0),
(186,'Uzbekistan','Asia',NOW(),NOW(),0),
(187,'Vanuatu','Oceania',NOW(),NOW(),0),
(188,'Venezuela','South America',NOW(),NOW(),0),
(189,'Vietnam','Asia',NOW(),NOW(),0),
(190,'Yemen','Asia',NOW(),NOW(),0),
(191,'Zambia','Africa',NOW(),NOW(),0),
(192,'Zimbabwe','Africa',NOW(),NOW(),0),
(193,'Holy See (Vatican City)','Europe',NOW(),NOW(),0),
(194,'State of Palestine','Asia',NOW(),NOW(),0),
-- 🚫 system-only (DOMESTIC)
(195,'Anywhere in Pakistan (Except Home City)','Pakistan',NOW(),NOW(),1);
ALTER TABLE travel_destinations AUTO_INCREMENT = 196;

-- =========================
-- 2) USERS
-- =========================

-- child tables first
DELETE FROM otp_codes;
DELETE FROM notifications;
DELETE FROM support_requests;
DELETE FROM policies_cache;
DELETE FROM claims_cache;
DELETE FROM payments;
DELETE FROM motor_vehicle_images;
DELETE FROM motor_proposals;

DELETE FROM users;

-- NOTE: password_hash is dummy placeholder; replace with bcrypt if needed.
INSERT INTO users
(id, full_name, email, mobile, password_hash, address, city_id, cnic, cnic_expiry, dob, nationality, gender, status, role, created_at, updated_at)
VALUES
(1,'Admin User','admin@example.com','03001234567','$2b$10$hGLoCzWNJPl3q1/HnLLeaO.ryenHGQk93db6G9tjUr8ImMYbkXxJ2','HQ Karachi',1,'42101-1111111-1','2030-12-31','1990-01-01','Pakistani','male','active','admin',NOW(),NOW()),
(2,'Ali Khan','ali@example.com','03009998888','$2b$10$userhashxxxxxxxxxxxxxxxxxxxxxxxxxxxx','Gulshan Karachi',1,'42101-2222222-2','2031-05-25','1996-04-15','Pakistani','male','active','customer',NOW(),NOW()),
(3,'Danish Ahmed','danish@example.com','03005553333','$2b$10$userhashxxxxxxxxxxxxxxxxxxxxxxxxxxxx','DHA Lahore',2,'42101-3333333-3','2032-08-10','1998-09-22','Pakistani','male','active','customer',NOW(),NOW()),
(4,'Ayesha Noor','ayesha@example.com','03112223344','$2b$10$userhashxxxxxxxxxxxxxxxxxxxxxxxxxxxx','F-11 Islamabad',3,'37405-1234567-1','2031-12-31','1997-11-02','Pakistani','female','active','customer',NOW(),NOW()),
(5,'Hassan Raza','hassan@example.com','03221112233','$2b$10$userhashxxxxxxxxxxxxxxxxxxxxxxxxxxxx','Gulberg Lahore',2,'35202-7654321-9','2030-10-10','1995-06-18','Pakistani','male','active','customer',NOW(),NOW()),
(6,'Sara Iqbal','sara@example.com','03334445566','$2b$10$userhashxxxxxxxxxxxxxxxxxxxxxxxxxxxx','Cantt Rawalpindi',4,'37406-1122334-5','2033-01-01','1999-02-14','Pakistani','female','active','customer',NOW(),NOW()),
(7,'Usman Tariq','usman@example.com','03445556677','$2b$10$userhashxxxxxxxxxxxxxxxxxxxxxxxxxxxx','Peshawar Saddar',5,'17301-1112233-4','2032-09-09','1994-09-09','Pakistani','male','active','customer',NOW(),NOW()),
(8,'Maryam Shah','maryam@example.com','03017778899','$2b$10$userhashxxxxxxxxxxxxxxxxxxxxxxxxxxxx','Quetta',6,'51201-9988776-5','2031-03-03','2000-12-20','Pakistani','female','active','customer',NOW(),NOW()),
(9,'Bilal Khan','bilal@example.com','03118889900','$2b$10$userhashxxxxxxxxxxxxxxxxxxxxxxxxxxxx','Faisalabad',7,'34101-1231231-7','2032-07-07','1993-03-12','Pakistani','male','active','customer',NOW(),NOW()),
(10,'Zain Ali','zain@example.com','03226667788','$2b$10$userhashxxxxxxxxxxxxxxxxxxxxxxxxxxxx','Multan',8,'36102-5556667-8','2030-08-08','1992-05-25','Pakistani','male','active','customer',NOW(),NOW()),
(11,'Noor Fatima','noor@example.com','03339990011','$2b$10$userhashxxxxxxxxxxxxxxxxxxxxxxxxxxxx','Hyderabad',9,'41201-1113335-2','2033-04-04','1998-08-08','Pakistani','female','active','customer',NOW(),NOW()),
(12,'Hamza Saeed','hamza@example.com','03440001122','$2b$10$userhashxxxxxxxxxxxxxxxxxxxxxxxxxxxx','Sialkot',10,'33104-7778889-1','2031-06-06','1997-01-19','Pakistani','male','active','customer',NOW(),NOW());
ALTER TABLE users AUTO_INCREMENT = 13;

-- =========================
-- 3) MOTOR PROPOSALS (15)
-- =========================

INSERT INTO motor_proposals
(id, user_id, name, address, city_id, cnic, cnic_expiry, dob, nationality, gender,
 product_type, registration_number, applied_for, engine_number, chassis_number,
 make_id, submake_id, model_year, colour, tracker_company_id, accessories_value,
 sum_insured, premium, status, created_at, updated_at)
VALUES
(1,2,'Ali Khan','Gulshan Karachi',1,'42101-2222222-2','2031-05-25','1996-04-15','Pakistani','male','private','KHI-101',0,'ENG101','CHS101',1,1,2020,'White',1,25000.00,2500000.00,44000.00,'submitted',NOW(),NOW()),
(2,3,'Danish Ahmed','DHA Lahore',2,'42101-3333333-3','2032-08-10','1998-09-22','Pakistani','male','private','LHR-202',0,'ENG202','CHS202',2,4,2019,'Black',2,0.00,1800000.00,32000.00,'paid',NOW(),NOW()),
(3,4,'Ayesha Noor','F-11 Islamabad',3,'37405-1234567-1','2031-12-31','1997-11-02','Pakistani','female','private','ISB-303',0,'ENG303','CHS303',3,7,2021,'Silver',3,10000.00,1200000.00,26000.00,'submitted',NOW(),NOW()),
(4,5,'Hassan Raza','Gulberg Lahore',2,'35202-7654321-9','2030-10-10','1995-06-18','Pakistani','male','commercial','LHR-404',1,'ENG404','CHS404',4,10,2022,'Gray',4,75000.00,3200000.00,52000.00,'submitted',NOW(),NOW()),
(5,6,'Sara Iqbal','Cantt Rawalpindi',4,'37406-1122334-5','2033-01-01','1999-02-14','Pakistani','female','private','RWP-505',0,'ENG505','CHS505',5,13,2020,'Blue',NULL,0.00,2800000.00,48000.00,'draft',NOW(),NOW()),
(6,7,'Usman Tariq','Peshawar Saddar',5,'17301-1112233-4','2032-09-09','1994-09-09','Pakistani','male','commercial','PSH-606',1,'ENG606','CHS606',6,16,2023,'White',5,50000.00,2400000.00,41000.00,'submitted',NOW(),NOW()),
(7,8,'Maryam Shah','Quetta',6,'51201-9988776-5','2031-03-03','2000-12-20','Pakistani','female','private','QTA-707',0,'ENG707','CHS707',3,8,2018,'Red',1,0.00,900000.00,15000.00,'paid',NOW(),NOW()),
(8,9,'Bilal Khan','Faisalabad',7,'34101-1231231-7','2032-07-07','1993-03-12','Pakistani','male','private','FSD-808',0,'ENG808','CHS808',2,5,2021,'Black',2,20000.00,2100000.00,36000.00,'submitted',NOW(),NOW()),
(9,10,'Zain Ali','Multan',8,'36102-5556667-8','2030-08-08','1992-05-25','Pakistani','male','private','MUX-909',0,'ENG909','CHS909',1,2,2019,'Silver',3,0.00,1400000.00,27000.00,'cancelled',NOW(),NOW()),
(10,11,'Noor Fatima','Hyderabad',9,'41201-1113335-2','2033-04-04','1998-08-08','Pakistani','female','private','HYD-010',0,'ENG010','CHS010',5,14,2022,'White',6,10000.00,3300000.00,56000.00,'submitted',NOW(),NOW()),
(11,12,'Hamza Saeed','Sialkot',10,'33104-7778889-1','2031-06-06','1997-01-19','Pakistani','male','commercial','SKT-111',1,'ENG111','CHS111',6,17,2021,'Gray',4,25000.00,2600000.00,45000.00,'submitted',NOW(),NOW()),
(12,2,'Ali Khan','Gulshan Karachi',1,'42101-2222222-2','2031-05-25','1996-04-15','Pakistani','male','private','KHI-112',0,'ENG112','CHS112',4,12,2020,'Blue',1,0.00,1700000.00,30000.00,'submitted',NOW(),NOW()),
(13,3,'Danish Ahmed','DHA Lahore',2,'42101-3333333-3','2032-08-10','1998-09-22','Pakistani','male','private','LHR-113',0,'ENG113','CHS113',5,15,2023,'Black',2,80000.00,4200000.00,69000.00,'submitted',NOW(),NOW()),
(14,4,'Ayesha Noor','F-11 Islamabad',3,'37405-1234567-1','2031-12-31','1997-11-02','Pakistani','female','private','ISB-114',0,'ENG114','CHS114',1,3,2022,'White',3,15000.00,3800000.00,62000.00,'paid',NOW(),NOW()),
(15,5,'Hassan Raza','Gulberg Lahore',2,'35202-7654321-9','2030-10-10','1995-06-18','Pakistani','male','commercial','LHR-115',1,'ENG115','CHS115',3,9,2017,'Red',NULL,0.00,800000.00,12000.00,'submitted',NOW(),NOW());

ALTER TABLE motor_proposals AUTO_INCREMENT = 16;

-- Motor vehicle images (2 per proposal = 30 rows)
INSERT INTO motor_vehicle_images (proposal_id, image_type, file_path, created_at) VALUES
(1,'front_side','uploads/motor/1_front.jpg',NOW()), (1,'back_side','uploads/motor/1_back.jpg',NOW()),
(2,'front_side','uploads/motor/2_front.jpg',NOW()), (2,'dashboard','uploads/motor/2_dashboard.jpg',NOW()),
(3,'front_side','uploads/motor/3_front.jpg',NOW()), (3,'engine_bay','uploads/motor/3_engine.jpg',NOW()),
(4,'front_side','uploads/motor/4_front.jpg',NOW()), (4,'boot','uploads/motor/4_boot.jpg',NOW()),
(5,'front_side','uploads/motor/5_front.jpg',NOW()), (5,'engine_number','uploads/motor/5_engno.jpg',NOW()),
(6,'front_side','uploads/motor/6_front.jpg',NOW()), (6,'registration_front','uploads/motor/6_regf.jpg',NOW()),
(7,'front_side','uploads/motor/7_front.jpg',NOW()), (7,'registration_back','uploads/motor/7_regb.jpg',NOW()),
(8,'front_side','uploads/motor/8_front.jpg',NOW()), (8,'left_side','uploads/motor/8_left.jpg',NOW()),
(9,'front_side','uploads/motor/9_front.jpg',NOW()), (9,'right_side','uploads/motor/9_right.jpg',NOW()),
(10,'front_side','uploads/motor/10_front.jpg',NOW()), (10,'back_side','uploads/motor/10_back.jpg',NOW()),
(11,'front_side','uploads/motor/11_front.jpg',NOW()), (11,'dashboard','uploads/motor/11_dashboard.jpg',NOW()),
(12,'front_side','uploads/motor/12_front.jpg',NOW()), (12,'engine_bay','uploads/motor/12_engine.jpg',NOW()),
(13,'front_side','uploads/motor/13_front.jpg',NOW()), (13,'boot','uploads/motor/13_boot.jpg',NOW()),
(14,'front_side','uploads/motor/14_front.jpg',NOW()), (14,'engine_number','uploads/motor/14_engno.jpg',NOW()),
(15,'front_side','uploads/motor/15_front.jpg',NOW()), (15,'registration_front','uploads/motor/15_regf.jpg',NOW());

-- =========================
-- 4) PAYMENTS (20)
-- =========================

INSERT INTO payments
(user_id, application_type, application_id, amount, status, gateway, order_id, gateway_txn_id, raw_response, created_at, updated_at)
VALUES
(2,'MOTOR',1,44000.00,'PENDING','PayFast','ORD-MTR-1001',NULL,JSON_OBJECT('msg','Awaiting payment'),NOW(),NOW()),
(3,'MOTOR',2,32000.00,'SUCCESS','PayFast','ORD-MTR-1002','PF-MTR-1002',JSON_OBJECT('msg','Captured'),NOW(),NOW()),
(4,'MOTOR',3,26000.00,'FAILED','PayFast','ORD-MTR-1003',NULL,JSON_OBJECT('error','Declined'),NOW(),NOW()),
(5,'MOTOR',4,52000.00,'PENDING','PayFast','ORD-MTR-1004',NULL,JSON_OBJECT('msg','Awaiting'),NOW(),NOW()),
(6,'MOTOR',5,48000.00,'SUCCESS','PayFast','ORD-MTR-1005','PF-MTR-1005',JSON_OBJECT('msg','Captured'),NOW(),NOW()),
(7,'MOTOR',6,41000.00,'PENDING','PayFast','ORD-MTR-1006',NULL,JSON_OBJECT('msg','Awaiting'),NOW(),NOW()),
(8,'MOTOR',7,15000.00,'SUCCESS','PayFast','ORD-MTR-1007','PF-MTR-1007',JSON_OBJECT('msg','Captured'),NOW(),NOW()),
(9,'MOTOR',8,36000.00,'FAILED','PayFast','ORD-MTR-1008',NULL,JSON_OBJECT('error','Timeout'),NOW(),NOW()),
(11,'MOTOR',10,56000.00,'PENDING','PayFast','ORD-MTR-1010',NULL,JSON_OBJECT('msg','Awaiting'),NOW(),NOW()),
(4,'MOTOR',14,62000.00,'SUCCESS','PayFast','ORD-MTR-1014','PF-MTR-1014',JSON_OBJECT('msg','Captured'),NOW(),NOW()),

(2,'TRAVEL',1,8200.00,'FAILED','PayFast','ORD-TRV-2001',NULL,JSON_OBJECT('error','Declined'),NOW(),NOW()),
(3,'TRAVEL',2,5000.00,'SUCCESS','PayFast','ORD-TRV-2002','PF-TRV-2002',JSON_OBJECT('msg','Captured'),NOW(),NOW()),
(4,'TRAVEL',3,10500.00,'PENDING','PayFast','ORD-TRV-2003',NULL,JSON_OBJECT('msg','Awaiting'),NOW(),NOW()),
(5,'TRAVEL',4,1800.00,'SUCCESS','PayFast','ORD-TRV-2004','PF-TRV-2004',JSON_OBJECT('msg','Captured'),NOW(),NOW()),
(6,'TRAVEL',5,15000.00,'PENDING','PayFast','ORD-TRV-2005',NULL,JSON_OBJECT('msg','Awaiting'),NOW(),NOW()),
(7,'TRAVEL',6,3300.00,'SUCCESS','PayFast','ORD-TRV-2006','PF-TRV-2006',JSON_OBJECT('msg','Captured'),NOW(),NOW()),
(8,'TRAVEL',7,6500.00,'FAILED','PayFast','ORD-TRV-2007',NULL,JSON_OBJECT('error','Declined'),NOW(),NOW()),
(9,'TRAVEL',8,9800.00,'PENDING','PayFast','ORD-TRV-2008',NULL,JSON_OBJECT('msg','Awaiting'),NOW(),NOW()),
(11,'TRAVEL',10,2500.00,'SUCCESS','PayFast','ORD-TRV-2010','PF-TRV-2010',JSON_OBJECT('msg','Captured'),NOW(),NOW()),
(12,'TRAVEL',11,12000.00,'PENDING','PayFast','ORD-TRV-2011',NULL,JSON_OBJECT('msg','Awaiting'),NOW(),NOW());

-- =========================
-- 5) NOTIFICATIONS (12)
-- =========================

INSERT INTO notifications (user_id, title, body, type, is_read, sent_at, created_at) VALUES
(2,'Welcome','Your account is active.','system',0,NOW(),NOW()),
(3,'Payment Success','Your motor payment is successful.','payment',1,NOW(),NOW()),
(4,'Proposal Submitted','Motor proposal ISB-303 submitted.','motor',0,NOW(),NOW()),
(5,'Pending Payment','Please complete payment to proceed.','payment',0,NOW(),NOW()),
(6,'Travel Submitted','Travel proposal submitted successfully.','travel',0,NOW(),NOW()),
(7,'Motor Paid','Your motor proposal is now paid.','motor',1,NOW(),NOW()),
(8,'Travel Failed','Payment failed for travel proposal.','travel',0,NOW(),NOW()),
(9,'Profile Update','Your profile was updated.','profile',1,NOW(),NOW()),
(10,'Claim Update','Your claim is under review.','claim',0,NOW(),NOW()),
(11,'Policy Issued','Your policy has been issued.','policy',0,NOW(),NOW()),
(12,'Support Reply','Support team replied to your ticket.','support',0,NOW(),NOW()),
(2,'Reminder','Complete pending payment.','payment',0,NOW(),NOW());

-- =========================
-- 6) FAQS (10)
-- =========================

DELETE FROM faqs;
INSERT INTO faqs (category, question, answer, is_active, created_at, updated_at) VALUES
('Motor','What is comprehensive insurance?','It covers theft, accident, and damages based on policy terms.',1,NOW(),NOW()),
('Motor','Is tracker mandatory?','Depends on vehicle value and policy requirements.',1,NOW(),NOW()),
('Motor','What are required images?','Front/back/engine/chassis/registration images.',1,NOW(),NOW()),
('Travel','Does travel cover medical?','Yes, according to plan limits and conditions.',1,NOW(),NOW()),
('Travel','What is Schengen coverage?','Coverage for Schengen countries based on selected plan.',1,NOW(),NOW()),
('Travel','Student travel requirements?','Student details + parent info required.',1,NOW(),NOW()),
('Payments','Which payment gateway?','PayFast is used for payment processing.',1,NOW(),NOW()),
('Account','How to reset password?','Use OTP via forgot password flow.',1,NOW(),NOW()),
('Claims','How to file a claim?','Submit claim request through the app.',1,NOW(),NOW()),
('Support','How to contact support?','Use in-app support request form.',1,NOW(),NOW());

-- =========================
-- 7) SUPPORT REQUESTS (8)
-- =========================

INSERT INTO support_requests (user_id, name, email, phone, message, status, created_at, updated_at) VALUES
(2,'Ali Khan','ali@example.com','03009998888','Need help updating vehicle details.','open',NOW(),NOW()),
(3,'Danish Ahmed','danish@example.com','03005553333','Payment receipt needed.','in_progress',NOW(),NOW()),
(4,'Ayesha Noor','ayesha@example.com','03112223344','Travel plan clarification required.','open',NOW(),NOW()),
(5,'Hassan Raza','hassan@example.com','03221112233','How to add destinations?','closed',NOW(),NOW()),
(NULL,'Visitor','visitor1@example.com','03001230000','General inquiry about insurance.','open',NOW(),NOW()),
(NULL,'Visitor','visitor2@example.com','03001230001','Need agent call back.','in_progress',NOW(),NOW()),
(6,'Sara Iqbal','sara@example.com','03334445566','Student travel parent validation issue.','open',NOW(),NOW()),
(7,'Usman Tariq','usman@example.com','03445556677','Motor proposal stuck on submitted.','open',NOW(),NOW());

-- =========================
-- 8) POLICIES / CLAIMS CACHE (10 each)
-- =========================

DELETE FROM policies_cache;
INSERT INTO policies_cache (user_id, policy_no, product, expiry_date, status, pdf_url, last_synced_at, created_at) VALUES
(2,'MTR-0001','Motor Comprehensive','2026-05-20','Active','https://example.com/policies/mtr-0001.pdf',NOW(),NOW()),
(3,'MTR-0002','Motor Comprehensive','2026-01-10','Active','https://example.com/policies/mtr-0002.pdf',NOW(),NOW()),
(4,'TRV-0003','Travel Worldwide','2025-03-05','Expired','https://example.com/policies/trv-0003.pdf',NOW(),NOW()),
(5,'TRV-0004','Travel Domestic','2025-04-12','Active','https://example.com/policies/trv-0004.pdf',NOW(),NOW()),
(6,'TRV-0005','Student Travel','2025-08-01','Active','https://example.com/policies/trv-0005.pdf',NOW(),NOW()),
(7,'MTR-0006','Motor Commercial','2026-09-09','Active','https://example.com/policies/mtr-0006.pdf',NOW(),NOW()),
(8,'TRV-0007','Travel Worldwide','2025-06-20','Active','https://example.com/policies/trv-0007.pdf',NOW(),NOW()),
(9,'TRV-0008','Travel Schengen','2025-07-25','Active','https://example.com/policies/trv-0008.pdf',NOW(),NOW()),
(10,'MTR-0009','Motor Private','2026-08-08','Active','https://example.com/policies/mtr-0009.pdf',NOW(),NOW()),
(11,'TRV-0010','Travel Domestic','2025-01-15','Expired','https://example.com/policies/trv-0010.pdf',NOW(),NOW());

DELETE FROM claims_cache;
INSERT INTO claims_cache (user_id, claim_no, status, incident_date, last_synced_at, created_at) VALUES
(2,'CLM-1001','Approved','2024-12-10',NOW(),NOW()),
(3,'CLM-1002','Pending','2025-01-05',NOW(),NOW()),
(4,'CLM-1003','Rejected','2025-02-11',NOW(),NOW()),
(5,'CLM-1004','Pending','2025-03-02',NOW(),NOW()),
(6,'CLM-1005','Approved','2025-04-12',NOW(),NOW()),
(7,'CLM-1006','Pending','2025-05-20',NOW(),NOW()),
(8,'CLM-1007','Rejected','2025-06-01',NOW(),NOW()),
(9,'CLM-1008','Approved','2025-07-15',NOW(),NOW()),
(10,'CLM-1009','Pending','2025-08-05',NOW(),NOW()),
(11,'CLM-1010','Approved','2025-09-09',NOW(),NOW());

SET FOREIGN_KEY_CHECKS = 1;
